{"status":200,"state":1,"code":0,"message":"\u67e5\u8be2\u6210\u529f","description":null,"occurred":null,"data":{"list":[{"id":1468,"pid":2,"asid":0,"created":1618938076,"updated":0,"name":"\u6cd5\u5c5e\u572d\u4e9a\u90a3","mark":""},{"id":1467,"pid":2,"asid":0,"created":1618938073,"updated":0,"name":"\u9a6c\u91cc","mark":""},{"id":1466,"pid":2,"asid":0,"created":1617987695,"updated":0,"name":"\u8428\u5c14\u74e6\u591a","mark":""},{"id":1465,"pid":1,"asid":0,"created":1614445272,"updated":0,"name":"\u5192\u9669 Adventure","mark":""},{"id":1464,"pid":1,"asid":0,"created":1614445272,"updated":0,"name":"\u513f\u7ae5 Kids","mark":""},{"id":1463,"pid":1,"asid":0,"created":1606842103,"updated":0,"name":"\u72af\u7f6a Crime","mark":""},{"id":1462,"pid":1,"asid":0,"created":1606842103,"updated":0,"name":"\u7231\u60c5 Romance","mark":""},{"id":1461,"pid":2,"asid":0,"created":1603990868,"updated":0,"name":"\u5f00\u666e\u6566","mark":""},{"id":1460,"pid":1,"asid":0,"created":1603990867,"updated":0,"name":"\u53e4\u88c5 Ancient-Costum","mark":""},{"id":1459,"pid":1,"asid":0,"created":1603990867,"updated":0,"name":"\u60ca\u609a Thriller","mark":""}],"count":474,"page":1,"size":10}}
